<project xmlns="http://maven.apache.org/POM/4.0.0"
	xmlns:xsi="http://www.w3.org/2001/XMLSchema-instance"
	xsi:schemaLocation="http://maven.apache.org/POM/4.0.0 https://maven.apache.org/xsd/maven-4.0.0.xsd">
	<modelVersion>4.0.0</modelVersion>
	<parent>
		<groupId>com.douzone</groupId>
		<artifactId>servlet-practices</artifactId>
		<version>0.0.1-SNAPSHOT</version>
	</parent>
	<artifactId>guestbook02</artifactId>
	<packaging>war</packaging>
	<properties>
		<project.build.sourceEncoding>UTF-8</project.build.sourceEncoding>
		<project.reporting.outputEncoding>UTF-8</project.reporting.outputEncoding>
	</properties>	

	<dependencies>
		<!-- MariaDB JDBC Driver -->
		<dependency>
		    <groupId>org.mariadb.jdbc</groupId>
		    <artifactId>mariadb-java-client</artifactId>
		    <version>2.4.4</version>
		</dependency>

		<!-- jstl -->
		<dependency>
			<groupId>jstl</groupId>
			<artifactId>jstl</artifactId>
			<version>1.2</version>
		</dependency>

		<!-- Servlet -->
		<dependency>
			<groupId>javax.servlet</groupId>
			<artifactId>javax.servlet-api</artifactId>
			<version>3.0.1</version>
			<scope>provided</scope>
		</dependency>
		<dependency>
			<groupId>javax.servlet.jsp</groupId>
			<artifactId>jsp-api</artifactId>
			<version>2.0</version>
			<scope>provided</scope>
		</dependency>
	</dependencies>	
	
	<build>
		<sourceDirectory>src/main/java</sourceDirectory>
		<resources>
			<resource>
				<directory>${project.basedir}/src/main/resources</directory>
				<excludes>
					<exclude>**/*.java</exclude>
				</excludes>
			</resource>
		</resources>
		<plugins>
			<plugin>
				<groupId>org.apache.maven.plugins</groupId>
				<artifactId>maven-compiler-plugin</artifactId>
				<version>3.8.0</version>
				<configuration>
					<source>1.8</source>
					<target>1.8</target>
				</configuration>
			</plugin>
			<plugin>
				<groupId>org.apache.maven.plugins</groupId>
				<artifactId>maven-resources-plugin</artifactId>
				<configuration>
					<encoding>UTF-8</encoding>
				</configuration>
			</plugin>
			<plugin>
				<groupId>org.apache.maven.plugins</groupId>
				<artifactId>maven-war-plugin</artifactId>
				<version>3.2.1</version>
				<configuration>
					<warSourceDirectory>src/main/webapp</warSourceDirectory>
					<failOnMissingWebXml>false</failOnMissingWebXml>
				</configuration>
			</plugin>
			<plugin>
				<groupId>org.codehaus.mojo</groupId>
				<artifactId>tomcat-maven-plugin</artifactId>
				<configuration>
					<url>http://192.168.1.100:8080/manager/text</url>
					<path>/guestbook02</path>
					<username>admin</username>
					<password>admin</password>
				</configuration>
			</plugin>			
		</plugins>
	</build>	
</project>